{
	"fpe.entity.math":"圆圈小姐",
	"fpe.entity.science":"布卢米小姐",
	"fpe.entity.language":"塔维尔小姐",
	"fpe.entity.alice":"爱丽丝公主",
	"fpe.entity.test":"的试卷",
	"language.code":"en_us",
	"language.name":"English",
	"language.region":"United States",
	"editor.area":"Area Properties",
	"editor.asset":"Asset Properties",
	"editor.asset.flashlight_spawner":"Flashlight Spawner",
	"editor.asset.light_region":"Light Region",
	"editor.asset.torch":"Torch",
	"editor.asset.wall":"Wall",
	"editor.asset.image_background":"Image Background",
	"editor.boolean.false":"False",
	"editor.boolean.inherit":"Inherit",
	"editor.boolean.none":"Default",
	"editor.boolean.true":"True",
	"editor.contextMenu.object":"Object Actions",
	"editor.contextMenu.object.cut":"Cut",
	"editor.contextMenu.object.copy":"Copy",
	"editor.contextMenu.object.paste":"Paste",
	"editor.contextMenu.object.delete":"Delete",
	"editor.contextMenu.object.duplicate":"Duplicate",
	"editor.contextMenu.object.rotate":"Rotate",
	"editor.contextMenu.new":"Create...",
	"editor.contextMenu.new.zone":"Create Zone",
	"editor.contextMenu.new.asset":"Create Asset",
	"editor.contextMenu.area":"Area Actions",
	"editor.contextMenu.area.add":"Add Area",
	"editor.contextMenu.area.duplicate":"Duplicate Area",
	"editor.contextMenu.area.duplicateAdjacent":"Duplicate and Insert Area here",
	"editor.contextMenu.area.delete":"Remove Area",
	"editor.confirm.delete_area":"Are you sure you want to delete the current area?",
	"editor.confirm.start_from_scratch":"Are you sure you want to start from scratch?\nBecause it will erase the current region.",
	"editor.confirm.yes":"Yes",
	"editor.confirm.no":"No",
	"editor.category.global":"Global Spawner Properties",
	"editor.category.aura":"Enemy's Aura",
  "editor.category.slasher":"Slasher Enemy",
	"editor.category.cybot":"Cybot Enemy",
	"editor.category.draining":"Draining Enemy",
	"editor.category.flower":"Flower Enemy",
	"editor.category.frost_giant":"Frost Giant Enemy",
	"editor.category.grass":"Grass Enemy",
	"editor.category.gravity":"Gravity Enemy",
	"editor.category.homing":"Homing Enemy",
	"editor.category.icicle":"Icicle Enemy",
	"editor.category.liquid":"Liquid Enemy",
	"editor.category.quicksand":"Quicksand Enemy",
	"editor.category.radiating_bullets":"Radiating Bullets Enemy",
	"editor.category.regen_sniper":"Regen Sniper Enemy",
	"editor.category.repelling":"Repelling Enemy",
	"editor.category.ring_sniper":"Ring Sniper Enemy",
	"editor.category.slowing":"Slowing Enemy",
	"editor.category.speed_sniper":"Speed Sniper Enemy",
	"editor.category.sniper":"Sniper Enemy",
	"editor.category.switch":"Switch Enemy",
	"editor.category.turning":"Turning Enemy",
	"editor.category.wall":"Wall Enemy",
	"editor.category.wind_ghost":"Wind Ghost Enemy",
	"editor.enemy.aibot":"Aibot",
	"editor.enemy.key":"Key",
	"editor.enemy.snow_sniper":"Snow Sniper",
	"editor.enemy.snow_liquid":"Snow Liquid",
	"editor.enemy.randomizing":"Randomizing",
	"editor.enemy.barrier":"Barrier",
	"editor.enemy.blocking":"Blocking",
	"editor.enemy.cactus":"Cactus",
	"editor.enemy.charging":"Charging",
	"editor.enemy.confectioner":"Confectioner",
	"editor.enemy.confectioner_switch":"Confectioner Switch",
	"editor.enemy.corrosive":"Corrosive",
	"editor.enemy.corrosive_sniper":"Corrosive Sniper",
	"editor.enemy.crumbling":"Crumbling",
	"editor.enemy.cybot":"Cybot",
	"editor.enemy.cycling":"Cycling",
	"editor.enemy.dabot":"Dabot",
	"editor.enemy.dasher":"Dasher",
	"editor.enemy.dasher_switch":"Dasher Switch",
	"editor.enemy.disabling":"Disabling",
	"editor.enemy.disabling_ghost":"Disabling Ghost",
	"editor.enemy.disarming":"Disarming",
	"editor.enemy.dorito":"Dorito",
	"editor.enemy.dorito_switch":"Dorito Switch",
	"editor.enemy.draining":"Draining",
	"editor.enemy.eabot":"Eabot",
	"editor.enemy.elbot":"Elbot",
	"editor.enemy.electrical":"Electrical",
	"editor.enemy.enlarging":"Enlarging",
	"editor.enemy.experience_drain":"Experience Drain",
	"editor.enemy.fake_pumpkin":"Fake Pumpkin",
	"editor.enemy.fibot":"Fibot",
	"editor.enemy.fire_trail":"Fire Trail",
	"editor.enemy.firefly":"Firefly",
	"editor.enemy.flaming":"Flaming",
	"editor.enemy.flower":"Flower",
	"editor.enemy.force_sniper_a":"Force Sniper A",
	"editor.enemy.force_sniper_b":"Force Sniper B",
	"editor.enemy.freezing":"Freezing",
	"editor.enemy.frost_giant":"Frost Giant",
	"editor.enemy.glowy":"Glowy",
	"editor.enemy.grass":"Grass",
	"editor.enemy.gravity":"Gravity",
	"editor.enemy.gravity_ghost":"Gravity Ghost",
	"editor.enemy.homing":"Homing",
	"editor.enemy.homing_switch":"Homing Switch",
	"editor.enemy.icbot":"Icbot",
	"editor.enemy.ice_ghost":"Ice Ghost",
	"editor.enemy.ice_sniper":"Ice Sniper",
	"editor.enemy.icicle":"Icicle",
	"editor.enemy.immune":"Immune",
	"editor.enemy.infectious":"Infectious",
	"editor.enemy.infinity":"Infinity",
	"editor.enemy.infinity_switch":"Infinity Switch",
	"editor.enemy.lava":"Lava",
	"editor.enemy.lead_sniper":"Lead Sniper",
	"editor.enemy.libot":"Libot",
	"editor.enemy.liquid":"Liquid",
	"editor.enemy.lost_soul":"Lost Soul",
	"editor.enemy.lunging":"Lunging",
	"editor.enemy.lurching":"Lurching",
	"editor.enemy.magnetic_nullification":"Magnetic Nullification",
	"editor.enemy.magnetic_reduction":"Magnetic Reduction",
	"editor.enemy.mebot":"Mebot",
	"editor.enemy.mist":"Mist",
	"editor.enemy.mutating":"Mutating",
	"editor.enemy.negative_magnetic_ghost":"Negative Magnetic Ghost",
	"editor.enemy.negative_magnetic_sniper":"Negative Magnetic Sniper",
	"editor.enemy.normal":"Normal",
	"editor.enemy.oscillating":"Oscillating",
	"editor.enemy.oscillating_switch":"Oscillating Switch",
	"editor.enemy.penny":"Penny",
	"editor.enemy.penny_switch":"Penny Switch",
	"editor.enemy.phantom":"Phantom",
	"editor.enemy.plbot":"Plbot",
	"editor.enemy.poison_ghost":"Poison Ghost",
	"editor.enemy.poison_sniper":"Poison Sniper",
	"editor.enemy.positive_magnetic_ghost":"Positive Magnetic Ghost",
	"editor.enemy.positive_magnetic_sniper":"Positive Magnetic Sniper",
	"editor.enemy.prediction_sniper":"Prediction Sniper",
	"editor.enemy.pumpkin":"Pumpkin",
	"editor.enemy.quicksand":"Quicksand",
	"editor.enemy.radar":"Radar",
	"editor.enemy.radiating_bullets":"Radiating Bullets",
	"editor.enemy.reducing":"Reducing",
	"editor.enemy.regen_ghost":"Regen Ghost",
	"editor.enemy.regen_sniper":"Regen Sniper",
	"editor.enemy.repelling":"Repelling",
	"editor.enemy.repelling_ghost":"Repelling Ghost",
	"editor.enemy.residue":"Residue",
	"editor.enemy.ring_sniper":"Ring Sniper",
	"editor.enemy.sand":"Sand",
	"editor.enemy.sandrock":"Sandrock",
	"editor.enemy.seedling":"Seedling",
	"editor.enemy.sizing":"Sizing",
	"editor.enemy.slippery":"Slippery",
	"editor.enemy.slowing":"Slowing",
	"editor.enemy.sniper":"Sniper",
	"editor.enemy.snowman":"Snowman",
	"editor.enemy.sparking":"Sparking",
	"editor.enemy.speed_ghost":"Speed Ghost",
	"editor.enemy.speed_sniper":"Speed Sniper",
	"editor.enemy.spiral":"Spiral",
	"editor.enemy.spiral_switch":"Spiral Switch",
	"editor.enemy.stalactite":"Stalactite",
	"editor.enemy.star":"Star",
	"editor.enemy.static":"Static",
	"editor.enemy.stumbling":"Stumbling",
	"editor.enemy.switch":"Switch",
	"editor.enemy.teleporting":"Teleporting",
	"editor.enemy.thunderbolt":"Thunderbolt",
	"editor.enemy.toxic":"Toxic",
	"editor.enemy.tree":"Tree",
	"editor.enemy.turning":"Turning",
	"editor.enemy.vengeful_soul":"Vengeful Soul",
	"editor.enemy.wabot":"Wabot",
	"editor.enemy.wacky_wall":"Wacky Wall",
	"editor.enemy.wall":"Wall",
	"editor.enemy.wavy":"Wavy",
	"editor.enemy.wavy_switch":"Wavy Switch",
	"editor.enemy.wind_ghost":"Wind Ghost",
	"editor.enemy.wind_sniper":"Wind Sniper",
	"editor.enemy.zigzag":"Zigzag",
	"editor.enemy.zigzag_switch":"Zigzag Switch",
	"editor.enemy.zoning":"Zoning",
	"editor.enemy.zoning_switch":"Zoning Switch",
  "editor.enemy.blind":"Blind",
  "editor.enemy.ninja_star_sniper":"Ninja Star Sniper",
  "editor.enemy.summoner":"Summoner",
  "editor.enemy.slasher":"Slasher",
  "editor.enemy.lotus_flower":"Lotus Flower",
  "editor.image.null":"None",
  "editor.image.door_1":"Door 1",
  "editor.image.door_2":"Door 2",
  "editor.image.sakura_1":"Sakura 1",
  "editor.image.sakura_2":"Sakura 2",
  "editor.image.torii_gate":"Torii Gate",
	"editor.pattern.cone":"Cone",
	"editor.pattern.cone_edges":"Cone Edges",
	"editor.pattern.none":"None",
	"editor.pattern.quadspiral":"Quad Spiral",
	"editor.pattern.singlebig":"Single Big",
	"editor.pattern.spiral":"Spiral",
	"editor.pattern.twin":"Twin",
	"editor.pattern.twincone":"Twin Cone",
	"editor.pattern.twinspiral":"Twin Spiral",
	"editor.property.aibot_radius":"Aibot Radius",
  "editor.property.effect_radius":"Effect Radius",
	"editor.property.sakura_leaves":"Sakura Leaves",
	"editor.property.all_enemies_immune":"All Enemies Immune",
	"editor.property.allow_solo_with_group":"Allow Solo With Group",
	"editor.property.angle":"Angle",
	"editor.property.applies_lantern":"Applies Lantern",
	"editor.property.background_color":"Background Color",
	"editor.property.title_stroke_color":"Title Stroke Color",
	"editor.property.barrier_radius":"Barrier Radius",
	"editor.property.blocking_radius":"Blocking Radius",
	"editor.property.boss":"Boss",
	"editor.property.charge_reduced":"Charge Reduced",
	"editor.property.circle_size":"Circle Size",
	"editor.property.cone_angle":"Cone Angle",
	"editor.property.count":"Count",
	"editor.property.crumble_reduced":"Crumble Reduced",
	"editor.property.cybot_radius":"Cybot Radius",
	"editor.property.dabot_radius":"Dabot Radius",
	"editor.property.death_timer":"Death Timer",
	"editor.property.direction":"Direction",
	"editor.property.disabling_radius":"Disabling Radius",
	"editor.property.drain":"Drain",
	"editor.property.draining_radius":"Draining Radius",
	"editor.property.eabot_radius":"Eabot Radius",
	"editor.property.elbot_radius":"Elbot Radius",
	"editor.property.enlarging_radius":"Enlarging Radius",
	"editor.property.experience_drain_radius":"Experience Drain Radius",
	"editor.property.fibot_radius":"Fibot Radius",
	"editor.property.freezing_radius":"Freezing Radius",
	"editor.property.friction":"Friction",
	"editor.property.gravity":"Gravity",
	"editor.property.gravity_radius":"Gravity Radius",
	"editor.property.growth_multiplier":"Growth Multiplier",
	"editor.property.hard_mode":"Hard Mode",
	"editor.property.health":"Health",
	"editor.property.height":"Height",
	"editor.property.home_range":"Home Range",
	"editor.property.horizontal":"Horizontal",
	"editor.property.icbot_radius":"Icbot Radius",
	"editor.property.ignore_invulnerability":"Ignore Invulnerability",
	"editor.property.image_name":"Image Name",
	"editor.property.immune":"Immune",
	"editor.property.increment":"Increment",
	"editor.property.lava_radius":"Lava Radius",
	"editor.property.libot_radius":"Libot Radius",
	"editor.property.lighting":"Lighting",
	"editor.property.lightning_reduced":"Lightning Reduced",
	"editor.property.magnetic_nullification_radius":"Magnetic Nullification Radius",
	"editor.property.magnetic_reduction_radius":"Magnetic Reduction Radius",
	"editor.property.magnetism":"Magnetism",
	"editor.property.max_level":"Max Level",
	"editor.property.maximum_speed":"Maximum Speed",
	"editor.property.mebot_radius":"Mebot Radius",
	"editor.property.minimum_speed":"Minimum Speed",
	"editor.property.move_clockwise":"Move Clockwise",
	"editor.property.name":"Name",
	"editor.property.partial_magnetism":"Partial Magnetism",
	"editor.property.pattern":"Pattern",
	"editor.property.pause_duration":"Pause Duration",
	"editor.property.pause_interval":"Pause Interval",
	"editor.property.pellet_count":"Pellet Count",
	"editor.property.pellet_multiplier":"Pellet Multiplier",
	"editor.property.player_detection_radius":"Player Detection Radius",
	"editor.property.plbot_radius":"Plbot Radius",
	"editor.property.powered":"Powered",
	"editor.property.projectile_duration":"Projectile Duration",
	"editor.property.projectile_radius":"Projectile Radius",
	"editor.property.projectile_speed":"Projectile Speed",
	"editor.property.properties":"Properties",
	"editor.property.push_direction":"Push Direction",
	"editor.property.quicksand_radius":"Quicksand Radius",
	"editor.property.quicksand_strength":"Quicksand Strength",
	"editor.property.radar_radius":"Radar Radius",
	"editor.property.radioactive_gloop_reduced":"Radioactive Gloop Reduced",
	"editor.property.radius":"Radius",
	"editor.property.randomize_state":"Randomize State",
	"editor.property.recharge":"Recharge",
	"editor.property.reducing_radius":"Reducing Radius",
	"editor.property.regen_loss":"Regen Loss",
	"editor.property.release_interval":"Release Interval",
	"editor.property.release_time":"Release Time",
	"editor.property.repelling_radius":"Repelling Radius",
	"editor.property.repulsion":"Repulsion",
	"editor.property.requirements":"Requirements",
	"editor.property.reverse":"Reverse",
	"editor.property.ring_sniper_radius":"Ring Sniper Radius",
	"editor.property.share_to_drive":"Share To Drive",
	"editor.property.shot_acceleration":"Shot Acceleration",
	"editor.property.shot_interval":"Shot Interval",
  "editor.property.small_bullets":"Small Bullets",
  "editor.property.slash_radius":"Slash Radius",
	"editor.property.slippery_radius":"Slippery Radius",
	"editor.property.slow":"Slow",
	"editor.property.slowing_radius":"Slowing Radius",
	"editor.property.snow":"Snow",
	"editor.property.spawn_top":"Spawn Top",
	"editor.property.spawner":"Spawner",
	"editor.property.spawns_lost_souls":"Spawns Lost Souls",
	"editor.property.spawns_pellets":"Spawns Pellets",
	"editor.property.speed":"Speed",
	"editor.property.speed_loss":"Speed Loss",
	"editor.property.sticky_coat_distort_reduced":"Sticky Coat Distort Reduced",
	"editor.property.switch_interval":"Switch Interval",
	"editor.property.switch_time":"Switch Time",
	"editor.property.texture":"Texture",
	"editor.property.toxic_radius":"Toxic Radius",
	"editor.property.turn_acceleration":"Turn Acceleration",
	"editor.property.turn_speed":"Turn Speed",
	"editor.property.type":"Type",
	"editor.property.types":"Types",
	"editor.property.upside_down":"Upside Down",
	"editor.property.wabot_radius":"Wabot Radius",
	"editor.property.warping_disabled":"Warping Disabled",
	"editor.property.width":"Width",
	"editor.property.wind_ghosts_do_not_push_while_downed":"Wind Ghosts Do Not Push While Downed",
	"editor.property.x":"X",
	"editor.property.y":"Y",
	"editor.region":"Region Properties",
	"editor.requirement":"Requirement",
	"editor.requirement.aibot_defeated":"Aibot Defeated",
	"editor.requirement.aibot_not_defeated":"Aibot Not Defeated",
	"editor.requirement.all_elements_gained":"All Elements Gained",
	"editor.requirement.all_heroes_unlocked":"All Heroes Unlocked",
	"editor.requirement.complete_research_lab":"Complete Research Lab",
	"editor.requirement.coupled_corridors_found":"Coupled Corridors Found",
	"editor.requirement.cybot_castle_defeated":"Cybot Castle Defeated",
	"editor.requirement.cybot_defeated":"Cybot Defeated",
	"editor.requirement.cybot_hard_mode_defeated":"Cybot Hard Mode Defeated",
	"editor.requirement.cybot_hard_mode_not_defeated":"Cybot Hard Mode Not Defeated",
	"editor.requirement.cybot_not_defeated":"Cybot Not Defeated",
	"editor.requirement.dabot_defeated":"Dabot Defeated",
	"editor.requirement.dabot_not_defeated":"Dabot Not Defeated",
	"editor.requirement.defeat_everything":"Defeat Everything",
	"editor.requirement.dusty_depths_found":"Dusty Depths Found",
	"editor.requirement.eabot_defeated":"Eabot Defeated",
	"editor.requirement.eabot_not_defeated":"Eabot Not Defeated",
	"editor.requirement.elbot_defeated":"Elbot Defeated",
	"editor.requirement.elbot_not_defeated":"Elbot Not Defeated",
	"editor.requirement.exact_index":"Exact Index",
	"editor.requirement.exact_index.area":"Exact Area Index",
	"editor.requirement.exact_index.region":"Exact Region Name",
	"editor.requirement.fibot_defeated":"Fibot Defeated",
	"editor.requirement.fibot_not_defeated":"Fibot Not Defeated",
	"editor.requirement.icbot_defeated":"Icbot Defeated",
	"editor.requirement.icbot_not_defeated":"Icbot Not Defeated",
	"editor.requirement.inaccessible":"Inaccessible",
	"editor.requirement.libot_defeated":"Libot Defeated",
	"editor.requirement.libot_not_defeated":"Libot Not Defeated",
	"editor.requirement.mansion_discovered":"Mansion Discovered",
	"editor.requirement.mebot_defeated":"Mebot Defeated",
	"editor.requirement.mebot_not_defeated":"Mebot Not Defeated",
	"editor.requirement.mystery_keycard":"Mystery Keycard",
	"editor.requirement.none":"None",
	"editor.requirement.plbot_defeated":"Plbot Defeated",
	"editor.requirement.plbot_not_defeated":"Plbot Not Defeated",
	"editor.requirement.research_lab_discovered":"Research Lab Discovered",
	"editor.requirement.switch_station_found":"Switch Station Found",
	"editor.requirement.ten_hard_variants":"Ten Hard Variants",
	"editor.requirement.wabot_defeated":"Wabot Defeated",
	"editor.requirement.wabot_not_defeated":"Wabot Not Defeated",
	"editor.spawner":"Enemy Spawner #",
	"editor.texture.baguette":"Baguette",
	"editor.texture.ice":"Ice",
	"editor.texture.inherit":"Inherit",
	"editor.texture.leaves":"Leaves",
	"editor.texture.normal":"Normal",
	"editor.texture.null":"None",
	"editor.texture.wooden":"Wooden",
	"editor.toggleMenu.hide": "Close Menu",
	"editor.toggleMenu.show": "Open Menu",
	"editor.zone":"Zone Properties",
	"editor.zone.active":"Active",
	"editor.zone.dummy":"Dummy",
	"editor.zone.exit":"Exit",
	"editor.zone.removal":"Removal",
	"editor.zone.safe":"Safe",
	"editor.zone.teleport":"Teleport",
	"editor.zone.victory":"Victory"
}