{
	"language.code":"ru_ru",
	"language.name":"Русский",
	"language.region":"Россия",
	"editor.area":"Свойства области",
	"editor.asset":"Свойства актива",
	"editor.asset.flashlight_spawner":"Создание фонариков",
	"editor.asset.light_region":"Светлая область",
	"editor.asset.torch":"Факел",
	"editor.asset.wall":"Стена",
	"editor.boolean.false":"Ложь",
	"editor.boolean.inherit":"Наследовать",
	"editor.boolean.none":"По умолчанию",
	"editor.boolean.true":"Верно",
	"editor.contextMenu.object":"Действия над объектом",
	"editor.contextMenu.object.cut":"Вырезать",
	"editor.contextMenu.object.copy":"Копировать",
	"editor.contextMenu.object.paste":"Вставить",
	"editor.contextMenu.object.delete":"Удалить",
	"editor.contextMenu.object.duplicate":"Дублировать",
	"editor.contextMenu.object.rotate":"Поворот",
	"editor.contextMenu.new":"Создать...",
	"editor.contextMenu.new.zone":"Создать зону",
	"editor.contextMenu.new.asset":"Создать актив",
	"editor.contextMenu.area":"Действия с областью",
	"editor.contextMenu.area.add":"Добавить область",
	"editor.contextMenu.area.duplicate":"Дубликат области",
	"editor.contextMenu.area.delete":"Удалить область",
	"editor.confirm.delete_area":"Вы уверены, что хотите удалить текущую область?",
	"editor.confirm.start_from_scratch":"Вы уверены, что хотите начать с нуля?\nПотому что это сотрет текущий регион.",
	"editor.confirm.yes":"Да",
	"editor.confirm.no":"Нет",
	"editor.category.aura":"Аура врага",
	"editor.category.aura.boss":"Аура босса",
	"editor.category.cybot":"Кибот-враг",
	"editor.category.draining":"Осушение врага",
	"editor.category.flower":"Цветочный враг",
	"editor.category.frost_giant":"Враг ледяного великана",
	"editor.category.grass":"Травяной враг",
	"editor.category.gravity":"Враг гравитации",
	"editor.category.homing":"Наводящийся враг",
	"editor.category.icicle":"Враг сосульки",
	"editor.category.liquid":"Жидкий враг",
	"editor.category.quicksand":"Враг зыбучих песков",
	"editor.category.radiating_bullets":"Враг с излучающими пулями",
	"editor.category.regen_sniper":"Регенерация снайперского врага",
	"editor.category.repelling":"Отражение врага",
	"editor.category.ring_sniper":"Кольцевой снайперский враг",
	"editor.category.slowing":"Замедляющийся враг",
	"editor.category.speed_sniper":"Скоростной снайперский враг",
	"editor.category.sniper":"Снайперский враг",
	"editor.category.switch":"Сменить врага",
	"editor.category.turning":"Обращение врага",
	"editor.category.wall":"Враг стены",
	"editor.category.wind_ghost":"Враг-призрак ветра",
	"editor.enemy.aibot":"Аэбот",
	"editor.enemy.barrier":"Барьер",
	"editor.enemy.blocking":"Блокирущий",
	"editor.enemy.cactus":"Кактус",
	"editor.enemy.charging":"Молниеносный",
	"editor.enemy.confectioner":"Кондитер",
	"editor.enemy.confectioner_switch":"Кондитер Переключающийся",
	"editor.enemy.corrosive":"Коррозийный",
	"editor.enemy.corrosive_sniper":"Коррозийный Снайпер",
	"editor.enemy.crumbling":"Рассыпающийся",
	"editor.enemy.cybot":"Сайбот",
	"editor.enemy.cycling":"Цикличный",
	"editor.enemy.dabot":"Дабот",
	"editor.enemy.dasher":"Дэшер",
	"editor.enemy.dasher_switch":"Дэшер Переключающийся",
	"editor.enemy.disabling":"Отключающий",
	"editor.enemy.disabling_ghost":"Отключающий Призрак",
	"editor.enemy.disarming":"Разоружающий",
	"editor.enemy.dorito":"Дорито",
	"editor.enemy.dorito_switch":"Дорито Переключающийся",
	"editor.enemy.draining":"Истощающий",
	"editor.enemy.eabot":"Еабот",
	"editor.enemy.elbot":"Элбот",
	"editor.enemy.electrical":"Электрический",
	"editor.enemy.enlarging":"Увеличивающий",
	"editor.enemy.experience_drain":"Истощающий Опыт",
	"editor.enemy.fake_pumpkin":"Фейк Тыква",
	"editor.enemy.fibot":"Фибот",
	"editor.enemy.fire_trail":"Огненный След",
	"editor.enemy.firefly":"Светлячок",
	"editor.enemy.flaming":"Пылающий",
	"editor.enemy.flower":"Цветок",
	"editor.enemy.force_sniper_a":"Принуждающий Снайпер Типа А",
	"editor.enemy.force_sniper_b":"Принуждающий Снайпер Типа B",
	"editor.enemy.freezing":"Замораживающий",
	"editor.enemy.frost_giant":"Ледяной Гигант",
	"editor.enemy.glowy":"Сияющий",
	"editor.enemy.grass":"Трава",
	"editor.enemy.gravity":"Гравитационный",
	"editor.enemy.gravity_ghost":"Гравитационный Призрак",
	"editor.enemy.homing":"Самонаводящийся",
	"editor.enemy.homing_switch":"Самонаводящийся Переключающийся",
	"editor.enemy.icbot":"Айсбот",
	"editor.enemy.ice_ghost":"Ледяной Призрак",
	"editor.enemy.ice_sniper":"Ледяной Снайпер",
	"editor.enemy.icicle":"Сосулька",
	"editor.enemy.immune":"Иммунитет",
	"editor.enemy.infectious":"Инфекционный",
	"editor.enemy.infinity":"Бесконечность",
	"editor.enemy.infinity_switch":"Бесконечность Переключающийся",
	"editor.enemy.lava":"Лава",
	"editor.enemy.lead_sniper":"Свинцовый Снайпер",
	"editor.enemy.libot":"Либот",
	"editor.enemy.liquid":"Жидкий",
	"editor.enemy.lost_soul":"Потерянная Душа",
	"editor.enemy.lunging":"Ринувшийся",
	"editor.enemy.lurching":"Покачивающийся",
	"editor.enemy.magnetic_nullification":"Магнитное Обнуление",
	"editor.enemy.magnetic_reduction":"Магнитное Уменьшение",
	"editor.enemy.mebot":"Мебот",
	"editor.enemy.mist":"Туман",
	"editor.enemy.mutating":"Мутирующий",
	"editor.enemy.negative_magnetic_ghost":"Негативный Магнитный Призрак",
	"editor.enemy.negative_magnetic_sniper":"Негативный Магнитный Снайпер",
	"editor.enemy.normal":"Обычный",
	"editor.enemy.oscillating":"Колебающийся",
	"editor.enemy.oscillating_switch":"Колебающийся Переключающийся",
	"editor.enemy.penny":"Пенни",
	"editor.enemy.penny_switch":"Пенни Переключающийся",
	"editor.enemy.phantom":"Фантом",
	"editor.enemy.plbot":"Плбот",
	"editor.enemy.poison_ghost":"Ядовитый Призрак",
	"editor.enemy.poison_sniper":"Ядовитый Снайпер",
	"editor.enemy.positive_magnetic_ghost":"Позитивный Магнитный Призрак",
	"editor.enemy.positive_magnetic_sniper":"Позитивный Магнитный Снайпер",
	"editor.enemy.prediction_sniper":"Снайпер Предсказатель",
	"editor.enemy.pumpkin":"Тыква",
	"editor.enemy.quicksand":"Зыбучие Пески",
	"editor.enemy.radar":"Радар",
	"editor.enemy.radiating_bullets":"Излучающие Пули",
	"editor.enemy.reducing":"Сокращающий",
	"editor.enemy.regen_ghost":"Реген Призрак",
	"editor.enemy.regen_sniper":"Реген Снайпер",
	"editor.enemy.repelling":"Отталкивающий",
	"editor.enemy.repelling_ghost":"Отталкивающий Призрак",
	"editor.enemy.residue":"Остаточный",
	"editor.enemy.ring_sniper":"Снайпер Кольцами",
	"editor.enemy.sand":"Песок",
	"editor.enemy.sandrock":"Песчаник",
	"editor.enemy.seedling":"Семечко",
	"editor.enemy.sizing":"Расширяющийся",
	"editor.enemy.slippery":"Скользкий",
	"editor.enemy.slowing":"Замедляющий",
	"editor.enemy.sniper":"Снайпер",
	"editor.enemy.snowman":"Снеговик",
	"editor.enemy.sparking":"Искрящий",
	"editor.enemy.speed_ghost":"Спид Призрак",
	"editor.enemy.speed_sniper":"Спид Снайпер",
	"editor.enemy.spiral":"Спиральный",
	"editor.enemy.spiral_switch":"Спиральный Переключающийся",
	"editor.enemy.stalactite":"Сталактит",
	"editor.enemy.star":"Звезда",
	"editor.enemy.static":"Статичный",
	"editor.enemy.stumbling":"Сталкивающийся",
	"editor.enemy.switch":"Переключающийся",
	"editor.enemy.teleporting":"Телепортирующийся",
	"editor.enemy.thunderbolt":"Удар Молнии",
	"editor.enemy.toxic":"Токсичный",
	"editor.enemy.tree":"Дерево",
	"editor.enemy.turning":"Поворачивающийся",
	"editor.enemy.vengeful_soul":"Мстительная Душа",
	"editor.enemy.wabot":"Вабот",
	"editor.enemy.wacky_wall":"Странная Стена",
	"editor.enemy.wall":"Стена",
	"editor.enemy.wavy":"Волнистый",
	"editor.enemy.wavy_switch":"Волнистый Переключающийся",
	"editor.enemy.wind_ghost":"Ветряной Призрак",
	"editor.enemy.wind_sniper":"Ветряной Снайпер",
	"editor.enemy.zigzag":"Зигзаг",
	"editor.enemy.zigzag_switch":"Зигзаг Переключающийся",
	"editor.enemy.zoning":"Зональный",
	"editor.enemy.zoning_switch":"Зональный Переключающийся",
	"editor.pattern.cone":"Конус",
	"editor.pattern.cone_edges":"Края конуса",
	"editor.pattern.none":"Нет",
	"editor.pattern.quadspiral":"Четырехспиральная",
	"editor.pattern.singlebig":"Один большой",
	"editor.pattern.spiral":"Спираль",
	"editor.pattern.twin":"Твин",
	"editor.pattern.twincone":"Двойной конус",
	"editor.pattern.twinspiral":"Двойная спираль",
	"editor.property.aibot_radius":"Радиус Айбота",
	"editor.property.all_enemies_immune":"Иммунитет ко всем врагам",
	"editor.property.allow_solo_with_group":"Разрешить соло с группой",
	"editor.property.angle":"Угол",
	"editor.property.applies_lantern":"Применяет фонарь",
	"editor.property.background_color":"Цвет фона",
	"editor.property.barrier_radius":"Радиус барьера",
	"editor.property.blocking_radius":"Радиус блокировки",
	"editor.property.boss":"Босс",
	"editor.property.charge_reduced":"Стоимость снижена",
	"editor.property.circle_size":"Размер круга",
	"editor.property.cone_angle":"Угол конуса",
	"editor.property.count":"Количество",
	"editor.property.crumble_reduced":"Разрушение уменьшено",
	"editor.property.cybot_radius":"Радиус Кибота",
	"editor.property.dabot_radius":"Радиус Дабота",
	"editor.property.death_timer":"Таймер смерти",
	"editor.property.direction":"Направление",
	"editor.property.disabling_radius":"Отключение радиуса",
	"editor.property.drain":"Слив",
	"editor.property.draining_radius":"Радиус осушения",
	"editor.property.eabot_radius":"Eabot Radius",
	"editor.property.elbot_radius":"Радиус Элбота",
	"editor.property.enlarging_radius":"Увеличение радиуса",
	"editor.property.experience_drain_radius":"Радиус дренажа опыта",
	"editor.property.fibot_radius":"Радиус Фибота",
	"editor.property.freezing_radius":"Радиус замораживания",
	"editor.property.friction":"Трение",
	"editor.property.gravity":"Гравитация",
	"editor.property.gravity_radius":"Радиус гравитации",
	"editor.property.growth_multiplier":"Множитель роста",
	"editor.property.hard_mode":"Жесткий режим",
	"editor.property.health":"Здоровье",
	"editor.property.height":"Высота",
	"editor.property.home_range":"Домашний диапазон",
	"editor.property.horizontal":"Горизонтально",
	"editor.property.icbot_radius":"Icbot Radius",
	"editor.property.ignore_invulnerability":"Игнорировать неуязвимость",
	"editor.property.immune":"Иммунитет",
	"editor.property.increment":"Приращение",
	"editor.property.lava_radius":"Радиус лавы",
	"editor.property.libot_radius":"Радиус Либота",
	"editor.property.lighting":"Освещение",
	"editor.property.lightning_reduced":"Уменьшение количества молний",
	"editor.property.magnetic_nullification_radius":"Радиус магнитного обнуления",
	"editor.property.magnetic_reduction_radius":"Радиус магнитного уменьшения",
	"editor.property.magnetism":"Магнетизм",
	"editor.property.max_level":"Максимальный уровень",
	"editor.property.maximum_speed":"Максимальная скорость",
	"editor.property.mebot_radius":"Радиус Мебота",
	"editor.property.minimum_speed":"Минимальная скорость",
	"editor.property.move_clockwise":"Переместить по часовой стрелке",
	"editor.property.name":"Имя",
	"editor.property.partial_magnetism":"Частичный магнетизм",
	"editor.property.pattern":"Шаблон",
	"editor.property.pause_duration":"Продолжительность паузы",
	"editor.property.pause_interval":"Интервал паузы",
	"editor.property.pellet_count":"Количество пеллет",
	"editor.property.pellet_multiplier":"Множитель пеллет",
	"editor.property.player_detection_radius":"Радиус обнаружения игрока",
	"editor.property.plbot_radius":"Радиус Plbot",
	"editor.property.powered":"Приведено в действие",
	"editor.property.projectile_duration":"Продолжительность снаряда",
	"editor.property.projectile_radius":"Радиус снаряда",
	"editor.property.projectile_speed":"Скорость снаряда",
	"editor.property.properties":"Свойства",
	"editor.property.push_direction":"Направление нажатия",
	"editor.property.quicksand_radius":"Радиус зыбучих песков",
	"editor.property.quicksand_strength":"Прочность зыбучих песков",
	"editor.property.radar_radius":"Радиус радара",
	"editor.property.radioactive_gloop_reduced":"Радиоактивная слизь уменьшена",
	"editor.property.radius":"Радиус",
	"editor.property.recharge":"Пополнить",
	"editor.property.reducing_radius":"Уменьшение радиуса",
	"editor.property.regen_loss":"Потеря регенерации",
	"editor.property.release_interval":"Интервал выпуска",
	"editor.property.release_time":"Время выпуска",
	"editor.property.repelling_radius":"Радиус отталкивания",
	"editor.property.repulsion":"Отталкивание",
	"editor.property.requirements":"Требования",
	"editor.property.reverse":"Обратный",
	"editor.property.ring_sniper_radius":"Радиус снайперского кольца",
	"editor.property.share_to_drive":"Поделиться на диске",
	"editor.property.shot_acceleration":"Ускорение выстрела",
	"editor.property.shot_interval":"Интервал выстрелов",
	"editor.property.slippery_radius":"Скользкий радиус",
	"editor.property.slow":"Медленно",
	"editor.property.slowing_radius":"Радиус замедления",
	"editor.property.snow":"Снег",
	"editor.property.spawn_top":"Верх спауна",
	"editor.property.spawner":"Спаунер",
	"editor.property.spawns_lost_souls":"Порождает потерянные души",
	"editor.property.spawns_pellets":"Порождает гранулы",
	"editor.property.speed":"Скорость",
	"editor.property.speed_loss":"Потеря скорости",
	"editor.property.sticky_coat_distort_reduced":"Уменьшено искажение липкого слоя",
	"editor.property.switch_interval":"Интервал переключения",
	"editor.property.switch_time":"Время переключения",
	"editor.property.switched_harmless":"Переключен безвредно",
	"editor.property.texture":"Текстура",
	"editor.property.toxic_radius":"Токсический радиус",
	"editor.property.turn_acceleration":"Ускорение поворота",
	"editor.property.turn_speed":"Скорость поворота",
	"editor.property.type":"Тип",
	"editor.property.types":"Типы",
	"editor.property.upside_down":"Перевернутый",
	"editor.property.wabot_radius":"Радиус Wabot",
	"editor.property.warping_disabled":"Деформация отключена",
	"editor.property.width":"Ширина",
	"editor.property.wind_ghosts_do_not_push_while_downed":"Призраки ветра не толкают, когда они сбиты с ног",
	"editor.property.x":"X",
	"editor.property.y":"Y",
	"editor.region":"Свойства региона",
	"editor.requirement":"Требование",
	"editor.requirement.aibot_defeated":"Айбот побеждён",
	"editor.requirement.aibot_not_defeated":"Айбот не побеждён",
	"editor.requirement.all_elements_gained":"Все элементы получены",
	"editor.requirement.all_heroes_unlocked":"Все герои разблокированы",
	"editor.requirement.coupled_corridors_found":"Обнаружены связанные коридоры",
	"editor.requirement.cybot_castle_defeated":"Замок Киботов побеждён",
	"editor.requirement.cybot_defeated":"Кибот побеждён",
	"editor.requirement.cybot_hard_mode_defeated":"Сложный режим Cybot пройден",
	"editor.requirement.cybot_hard_mode_not_defeated":"Сложный режим Cybot не пройден",
	"editor.requirement.cybot_not_defeated":"Кибот не побежден",
	"editor.requirement.dabot_defeated":"Дабот побеждён",
	"editor.requirement.dabot_not_defeated":"Дабот не побеждён",
	"editor.requirement.dusty_depths_found":"Обнаружены пыльные глубины",
	"editor.requirement.eabot_defeated":"Eabot побеждён",
	"editor.requirement.eabot_not_defeated":"Eabot не побежден",
	"editor.requirement.elbot_defeated":"Элбот побеждён",
	"editor.requirement.elbot_not_defeated":"Элбот не побеждён",
	"editor.requirement.exact_index":"Точный индекс",
	"editor.requirement.exact_index.area":"Точный индекс площади",
	"editor.requirement.exact_index.region":"Точное название региона",
	"editor.requirement.fibot_defeated":"Фибот побеждён",
	"editor.requirement.fibot_not_defeated":"Фибот не побеждён",
	"editor.requirement.icbot_defeated":"Икбот побеждён",
	"editor.requirement.icbot_not_defeated":"Icbot не побежден",
	"editor.requirement.inaccessible":"Недоступно",
	"editor.requirement.libot_defeated":"Либот побеждён",
	"editor.requirement.libot_not_defeated":"Либот не побеждён",
	"editor.requirement.mansion_discovered":"Обнаружен особняк",
	"editor.requirement.mebot_defeated":"Мебот побеждён",
	"editor.requirement.mebot_not_defeated":"Мебот не побеждён",
	"editor.requirement.mystery_keycard":"Таинственная карта-ключ",
	"editor.requirement.none":"Нет",
	"editor.requirement.plbot_defeated":"Плбот побеждён",
	"editor.requirement.plbot_not_defeated":"Plbot не побежден",
	"editor.requirement.research_lab_discovered":"Обнаружена исследовательская лаборатория",
	"editor.requirement.switch_station_found":"Коммутационная станция найдена",
	"editor.requirement.ten_hard_variants":"Десять сложных вариантов",
	"editor.requirement.wabot_defeated":"Вабот побеждён",
	"editor.requirement.wabot_not_defeated":"Вабот не побеждён",
	"editor.spawner":"Спаунер врагов №",
	"editor.texture.baguette":"Багет",
	"editor.texture.ice":"Лед",
	"editor.texture.inherit":"Наследовать",
	"editor.texture.leaves":"Листья",
	"editor.texture.normal":"Нормальный",
	"editor.texture.null":"Нет",
	"editor.texture.wooden":"Деревянный",
	"editor.toggleMenu.hide": "Закрыть меню",
	"editor.toggleMenu.show": "Открыть меню",
	"editor.zone":"Свойства зоны",
	"editor.zone.active":"Активен",
	"editor.zone.dummy":"Пустышка",
	"editor.zone.exit":"Выход",
	"editor.zone.removal":"Удаление",
	"editor.zone.safe":"Безопасно",
	"editor.zone.teleport":"Телепорт",
	"editor.zone.victory":"Победа"
}